{
    "Format": {
        "Type": "QsfTerrain",
        "Version": "1"
    },
    "Properties": {
        "GlobalMapAssetId": "1491230856",
        "EntityId": "12312312441515111225",
        "ColorMap": "1491230863",
        "NormalMap": "1491230864",
        "SourceBlendMap": "1491230860",
        "SourceColorMap": "1491230861",
        "SourceHeightMap": "1491230862",
        "TerrainChunksPerEdge": "16",
        "OgreTerrainChunks": {
            "0,0": "1491230865",
            "0,1": "1491230866",
            "0,2": "1491230867",
            "0,3": "1491230868",
            "0,4": "1491230869",
            "0,5": "1491230870",
            "0,6": "1491230871",
            "0,7": "1491230872",
            "0,8": "1491230873",
            "0,9": "1491230874",
            "0,10": "1491230875",
            "0,11": "1491230876",
            "0,12": "1491230877",
            "0,13": "1491230878",
            "0,14": "1491230879",
            "0,15": "1491230880",
            "1,0": "1491230881",
            "1,1": "1491230882",
            "1,2": "1491230883",
            "1,3": "1491230884",
            "1,4": "1491230885",
            "1,5": "1491230886",
            "1,6": "1491230887",
            "1,7": "1491230888",
            "1,8": "1491230889",
            "1,9": "1491230890",
            "1,10": "1491230891",
            "1,11": "1491230892",
            "1,12": "1491230893",
            "1,13": "1491230894",
            "1,14": "1491230895",
            "1,15": "1491230896",
            "2,0": "1491230897",
            "2,1": "1491230898",
            "2,2": "1491230899",
            "2,3": "1491230900",
            "2,4": "1491230901",
            "2,5": "1491230902",
            "2,6": "1491230903",
            "2,7": "1491230904",
            "2,8": "1491230905",
            "2,9": "1491230906",
            "2,10": "1491230907",
            "2,11": "1491230908",
            "2,12": "1491230909",
            "2,13": "1491230910",
            "2,14": "1491230911",
            "2,15": "1491230912",
            "3,0": "1491230913",
            "3,1": "1491230914",
            "3,2": "1491230915",
            "3,3": "1491230916",
            "3,4": "1491230917",
            "3,5": "1491230918",
            "3,6": "1491230919",
            "3,7": "1491230920",
            "3,8": "1491230921",
            "3,9": "1491230922",
            "3,10": "1491230923",
            "3,11": "1491230924",
            "3,12": "1491230925",
            "3,13": "1491230926",
            "3,14": "1491230927",
            "3,15": "1491230928",
            "4,0": "1491230929",
            "4,1": "1491230930",
            "4,2": "1491230931",
            "4,3": "1491230932",
            "4,4": "1491230933",
            "4,5": "1491230934",
            "4,6": "1491230935",
            "4,7": "1491230936",
            "4,8": "1491230937",
            "4,9": "1491230938",
            "4,10": "1491230939",
            "4,11": "1491230940",
            "4,12": "1491230941",
            "4,13": "1491230942",
            "4,14": "1491230943",
            "4,15": "1491230944",
            "5,0": "1491230945",
            "5,1": "1491230946",
            "5,2": "1491230947",
            "5,3": "1491230948",
            "5,4": "1491230949",
            "5,5": "1491230950",
            "5,6": "1491230951",
            "5,7": "1491230952",
            "5,8": "1491230953",
            "5,9": "1491230954",
            "5,10": "1491230955",
            "5,11": "1491230956",
            "5,12": "1491230957",
            "5,13": "1491230958",
            "5,14": "1491230959",
            "5,15": "1491230960",
            "6,0": "1491230961",
            "6,1": "1491230962",
            "6,2": "1491230963",
            "6,3": "1491230964",
            "6,4": "1491230965",
            "6,5": "1491230966",
            "6,6": "1491230967",
            "6,7": "1491230968",
            "6,8": "1491230969",
            "6,9": "1491230970",
            "6,10": "1491230971",
            "6,11": "1491230972",
            "6,12": "1491230973",
            "6,13": "1491230974",
            "6,14": "1491230975",
            "6,15": "1491230976",
            "7,0": "1491230977",
            "7,1": "1491230978",
            "7,2": "1491230979",
            "7,3": "1491230980",
            "7,4": "1491230981",
            "7,5": "1491230982",
            "7,6": "1491230983",
            "7,7": "1491230984",
            "7,8": "1491230985",
            "7,9": "1491230986",
            "7,10": "1491230987",
            "7,11": "1491230988",
            "7,12": "1491230989",
            "7,13": "1491230990",
            "7,14": "1491230991",
            "7,15": "1491230992",
            "8,0": "1491230993",
            "8,1": "1491230994",
            "8,2": "1491230995",
            "8,3": "1491230996",
            "8,4": "1491230997",
            "8,5": "1491230998",
            "8,6": "1491230999",
            "8,7": "1491231000",
            "8,8": "1491231001",
            "8,9": "1491231002",
            "8,10": "1491231003",
            "8,11": "1491231004",
            "8,12": "1491231005",
            "8,13": "1491231006",
            "8,14": "1491231007",
            "8,15": "1491231008",
            "9,0": "1491231009",
            "9,1": "1491231010",
            "9,2": "1491231011",
            "9,3": "1491231012",
            "9,4": "1491231013",
            "9,5": "1491231014",
            "9,6": "1491231015",
            "9,7": "1491231016",
            "9,8": "1491231017",
            "9,9": "1491231018",
            "9,10": "1491231019",
            "9,11": "1491231020",
            "9,12": "1491231021",
            "9,13": "1491231022",
            "9,14": "1491231023",
            "9,15": "1491231024",
            "10,0": "1491231025",
            "10,1": "1491231026",
            "10,2": "1491231027",
            "10,3": "1491231028",
            "10,4": "1491231029",
            "10,5": "1491231030",
            "10,6": "1491231031",
            "10,7": "1491231032",
            "10,8": "1491231033",
            "10,9": "1491231034",
            "10,10": "1491231035",
            "10,11": "1491231036",
            "10,12": "1491231037",
            "10,13": "1491231038",
            "10,14": "1491231039",
            "10,15": "1491231040",
            "11,0": "1491231041",
            "11,1": "1491231042",
            "11,2": "1491231043",
            "11,3": "1491231044",
            "11,4": "1491231045",
            "11,5": "1491231046",
            "11,6": "1491231047",
            "11,7": "1491231048",
            "11,8": "1491231049",
            "11,9": "1491231050",
            "11,10": "1491231051",
            "11,11": "1491231052",
            "11,12": "1491231053",
            "11,13": "1491231054",
            "11,14": "1491231055",
            "11,15": "1491231056",
            "12,0": "1491231057",
            "12,1": "1491231058",
            "12,2": "1491231059",
            "12,3": "1491231060",
            "12,4": "1491231061",
            "12,5": "1491231062",
            "12,6": "1491231063",
            "12,7": "1491231064",
            "12,8": "1491231065",
            "12,9": "1491231066",
            "12,10": "1491231067",
            "12,11": "1491231068",
            "12,12": "1491231069",
            "12,13": "1491231070",
            "12,14": "1491231071",
            "12,15": "1491231072",
            "13,0": "1491231073",
            "13,1": "1491231074",
            "13,2": "1491231075",
            "13,3": "1491231076",
            "13,4": "1491231077",
            "13,5": "1491231078",
            "13,6": "1491231079",
            "13,7": "1491231080",
            "13,8": "1491231081",
            "13,9": "1491231082",
            "13,10": "1491231083",
            "13,11": "1491231084",
            "13,12": "1491231085",
            "13,13": "1491231086",
            "13,14": "1491231087",
            "13,15": "1491231088",
            "14,0": "1491231089",
            "14,1": "1491231090",
            "14,2": "1491231091",
            "14,3": "1491231092",
            "14,4": "1491231093",
            "14,5": "1491231094",
            "14,6": "1491231095",
            "14,7": "1491231096",
            "14,8": "1491231097",
            "14,9": "1491231098",
            "14,10": "1491231099",
            "14,11": "1491231100",
            "14,12": "1491231101",
            "14,13": "1491231102",
            "14,14": "1491231103",
            "14,15": "1491231104",
            "15,0": "1491231105",
            "15,1": "1491231106",
            "15,2": "1491231107",
            "15,3": "1491231108",
            "15,4": "1491231109",
            "15,5": "1491231110",
            "15,6": "1491231111",
            "15,7": "1491231112",
            "15,8": "1491231113",
            "15,9": "1491231114",
            "15,10": "1491231115",
            "15,11": "1491231116",
            "15,12": "1491231117",
            "15,13": "1491231118",
            "15,14": "1491231119",
            "15,15": "1491231120"
        }
    }
}
