{
    "Format":
    {
        "Type": "em5_eventpool",
        "Version": "1"
    },
	"BMAEvent_Definitions":											// Name of event pool
	{	
		"BMAFireEvent":													// Name of event must be unique inside a event pool
		{
			"Core": "EM5_General_Definitions/General_Building_Fire_Event",
			"FactoryClass":	"flo11::BMAFireEventFactory",				// Factory class implementation to use (to be set by a programmer/scripter)
			
			"EventName": "BMA Ausloesung in Gebaeude",
			
			"EventDensityValue": "5",
			"NormalCreditGain": "450",		// Credits for successful finished event (Freeplay)

			"MusicLevel": "Low"
		}
	}
}
