{
    "Format": {
        "Type": "prefab",
        "Version": "2",
        "DifferenceToDefault": "true"
    },
    "Prototypes": {
        "10918464530239407396": {
            "qsf::MetadataComponent": {
                "Prefab": "18446744073709551615",
                "Name": "firefighters_leader"
            },
            "qsf::TransformComponent": "",
            "qsf::MovableComponent": {
                "GroundSpeedCategory": "squad"
            },
            "qsf::ai::NavigationComponent": {
                "MoverType": "1",
                "MaxSpeed": "3.2999999523162842",
                "MaxTurningChange": "6",
                "BackwardSpeedFactor": "0.40000000596046448",
                "DesiredAcceleration": "5",
                "MainNavMapId": "1",
                "AvoidCollisionTypes": "20",
                "AvoidCollisionMeasures": "3",
                "CurveSmoothing": "0",
                "DistanceToKeepAhead": "0",
                "CollisionMask": "37",
                "PrioritySearch": "true",
                "AdditionalCollisionLookaheadDistance": "10"
            },
            "em5::HealthComponent": {
                "HealthEnergy": "1000",
                "MaximumHealthEnergy": "1000",
                "LifeEnergy": "1000",
                "MaximumLifeEnergy": "1000",
                "Immunities": "IMMUNITY_ILLNESS,IMMUNITY_CONTAMINATION_PLAGUE",
                "Resistances": "1.000000,0.150000,0.250000"
            },
            "qsf::game::SelectableComponent": "",
            "em5::CommandableComponent": {
                "CommandArray": [
                    "em5::MoveCommand",
                    "em5::EnterVehicleCommand",
					"flo11::ResetBMACommand"
                ],
                "UnitType": "-1",
                "PlayerId": "-1"
            },
            "qsf::ActionComponent": "",
            "em5::PersonComponent": {
                "Gender": "GENDER_MALE"
            },
            "em5::PersonPlacementComponent": "",
            "qsf::BulletBoxCollisionComponent": {
                "CollisionMask": "37",
                "CollisionFilterGroup": "20",
                "HalfExtents": "0.40000000596046448 1 0.30000001192092896"
            },
            "em5::FireReceiverComponent": "",
            "em5::HighlightComponent": "",
            "qsf::ai::StuckResolverComponent": {
                "SwitchDelay": "1000000",
                "RegardTrafficImpedimentsAsStuck": "true"
            },
            "qsf::MeshComponent": {
                "Mesh": "12345707",
                "LodFactor": "5"
            },
            "qsf::GameLogicComponent": {
                "GameLogicArray": [
                    {
                        "LogicTypeId": "em5::FiremanLogic"
                    }
                ]
            }
        }
    }
}
