{
    "Format": {
        "Type": "prefab",
        "Version": "2",
        "DifferenceToDefault": "true"
    },
    "Prototypes": {
        "2644604236": {
            "qsf::MetadataComponent": {
                "Prefab": "18446744073709551615",
                "Name": "bma"
            },
            "qsf::MeshComponent": {
                "Mesh": "1491230851"
            },
            "qsf::TransformComponent": "",
            "qsf::LinkComponent": "",
            "flo11::BMAComponent": ""
        },
        "8120992549422484977": {
            "qsf::MetadataComponent": {
                "Prefab": "362265",
                "Prototype": "7713666246073576955",
                "Name": "flare_redlight00"
            },
            "qsf::FlareComponent": {
                "CastShadows": "false",
                "Active": "true",
                "Color": "0.73725497722625732 0.48235300183296204 0.066666699945926666 1",
                "Intensity": "15",
                "WidthHeight": "1 1",
                "OcclusionScale": "0.30000001192092896",
                "AtlasTextureRowCount": "2",
                "AtlasTextureSliceCount": "2",
                "AtlasTextureIndex": "3"
            },
            "qsf::TransformComponent": {
                "Position": "0.2374114990234375 1.1250779628753662 0.6806640625"
            },
            "qsf::LinkComponent": {
                "ParentLinkType": "HARD_LINK",
                "ParentId": "2644604236",
                "LocalPosition": "0.2374114990234375 1.1250779628753662 0.6806640625",
                "LocalRotation": "1 0 0 0",
                "LocalScale": "1 1 1"
            },
            "qsf::LightAnimationComponent": {
                "AnimationType": "CUSTOM",
                "CustomAnimationValues": "1.000000 0.000000 0.000000 0.000000 0.000000 0.000000 0.000000 0.000000 0.000000 0.000000 0.000000"
            }
        }
    }
}
